{"IMG_5213.jpg109369":{"filename":"IMG_5213.jpg","size":109369,"regions":[{"shape_attributes":{"name":"rect","x":111,"y":-2,"width":644,"height":910},"region_attributes":{"class":"AUTO"}},{"shape_attributes":{"name":"rect","x":356,"y":407,"width":150,"height":71},"region_attributes":{"class":"KA01AJ8609"}}],"file_attributes":{}},"IMG_5214.jpg109189":{"filename":"IMG_5214.jpg","size":109189,"regions":[{"shape_attributes":{"name":"rect","x":78,"y":2,"width":487,"height":726},"region_attributes":{"class":"AUTO"}},{"shape_attributes":{"name":"rect","x":277,"y":308,"width":111,"height":62},"region_attributes":{"class":"KA01AH3118"}}],"file_attributes":{}},"IMG_5246.JPG148873":{"filename":"IMG_5246.JPG","size":148873,"regions":[{"shape_attributes":{"name":"rect","x":71,"y":24,"width":580,"height":825},"region_attributes":{"class":"AUTO"}},{"shape_attributes":{"name":"rect","x":374,"y":425,"width":128,"height":66},"region_attributes":{"class":"KA01AH3661"}}],"file_attributes":{}},"IMG_5248.JPG108151":{"filename":"IMG_5248.JPG","size":108151,"regions":[{"shape_attributes":{"name":"rect","x":142,"y":9,"width":536,"height":748},"region_attributes":{"class":"AUTO"}},{"shape_attributes":{"name":"rect","x":348,"y":321,"width":126,"height":69},"region_attributes":{"class":"KA01AH7658"}}],"file_attributes":{}},"IMG_5250.JPG105643":{"filename":"IMG_5250.JPG","size":105643,"regions":[{"shape_attributes":{"name":"rect","x":7,"y":4,"width":839,"height":631},"region_attributes":{"class":"AUTO"}},{"shape_attributes":{"name":"rect","x":209,"y":491,"width":188,"height":140},"region_attributes":{"class":"KA01AE6812"}}],"file_attributes":{}},"IMG_5266.JPG100499":{"filename":"IMG_5266.JPG","size":100499,"regions":[{"shape_attributes":{"name":"rect","x":16,"y":16,"width":598,"height":815},"region_attributes":{"class":"AUTO"}},{"shape_attributes":{"name":"rect","x":217,"y":376,"width":151,"height":75},"region_attributes":{"class":"KA01AG2436"}}],"file_attributes":{}},"IMG_5268.JPG90472":{"filename":"IMG_5268.JPG","size":90472,"regions":[{"shape_attributes":{"name":"rect","x":7,"y":4,"width":564,"height":828},"region_attributes":{"class":"AUTO"}},{"shape_attributes":{"name":"rect","x":201,"y":252,"width":182,"height":111},"region_attributes":{"class":"KA03AA6058"}}],"file_attributes":{}},"IMG_5269.JPG106965":{"filename":"IMG_5269.JPG","size":106965,"regions":[{"shape_attributes":{"name":"rect","x":5,"y":4,"width":708,"height":834},"region_attributes":{"class":"AUTO"}},{"shape_attributes":{"name":"rect","x":471,"y":306,"width":151,"height":109},"region_attributes":{"class":"KA04AB2361"}}],"file_attributes":{}},"IMG_5271.JPG113270":{"filename":"IMG_5271.JPG","size":113270,"regions":[{"shape_attributes":{"name":"rect","x":4,"y":2,"width":593,"height":733},"region_attributes":{"class":"AUTO"}},{"shape_attributes":{"name":"rect","x":363,"y":268,"width":164,"height":126},"region_attributes":{"class":"KA02AD9958"}}],"file_attributes":{}},"IMG_5272.JPG116395":{"filename":"IMG_5272.JPG","size":116395,"regions":[{"shape_attributes":{"name":"rect","x":4,"y":2,"width":638,"height":797},"region_attributes":{"class":"AUTO"}},{"shape_attributes":{"name":"rect","x":493,"y":316,"width":108,"height":86},"region_attributes":{"class":"KA05AB3490"}}],"file_attributes":{}},"IMG_5276.JPG92691":{"filename":"IMG_5276.JPG","size":92691,"regions":[{"shape_attributes":{"name":"rect","x":4,"y":4,"width":686,"height":721},"region_attributes":{"class":"AUTO"}},{"shape_attributes":{"name":"rect","x":368,"y":396,"width":109,"height":88},"region_attributes":{"class":"KA05AD6348"}}],"file_attributes":{}},"IMG_5277.JPG91477":{"filename":"IMG_5277.JPG","size":91477,"regions":[{"shape_attributes":{"name":"rect","x":4,"y":4,"width":690,"height":839},"region_attributes":{"class":"AUTO"}},{"shape_attributes":{"name":"rect","x":542,"y":586,"width":130,"height":77},"region_attributes":{"class":"KA01AD9035"}}],"file_attributes":{}},"IMG_5280.JPG80493":{"filename":"IMG_5280.JPG","size":80493,"regions":[{"shape_attributes":{"name":"rect","x":4,"y":4,"width":721,"height":662},"region_attributes":{"class":"AUTO"}},{"shape_attributes":{"name":"rect","x":254,"y":337,"width":120,"height":73},"region_attributes":{"class":"KA01AH0949"}}],"file_attributes":{}},"IMG_5282.JPG84051":{"filename":"IMG_5282.JPG","size":84051,"regions":[{"shape_attributes":{"name":"rect","x":5,"y":5,"width":631,"height":715},"region_attributes":{"class":"AUTO"}},{"shape_attributes":{"name":"rect","x":170,"y":259,"width":170,"height":89},"region_attributes":{"class":"KA05AE9272"}}],"file_attributes":{}},"IMG_5283.JPG93706":{"filename":"IMG_5283.JPG","size":93706,"regions":[{"shape_attributes":{"name":"rect","x":4,"y":5,"width":879,"height":623},"region_attributes":{"class":"AUTO"}},{"shape_attributes":{"name":"rect","x":18,"y":277,"width":293,"height":105},"region_attributes":{"class":"KA01AH7932"}}],"file_attributes":{}},"IMG_5284.JPG72766":{"filename":"IMG_5284.JPG","size":72766,"regions":[{"shape_attributes":{"name":"rect","x":4,"y":4,"width":742,"height":788},"region_attributes":{"class":"AUTO"}},{"shape_attributes":{"name":"rect","x":421,"y":516,"width":130,"height":64},"region_attributes":{"class":"KA01AM9897"}}],"file_attributes":{}},"IMG_5285.JPG75011":{"filename":"IMG_5285.JPG","size":75011,"regions":[{"shape_attributes":{"name":"rect","x":5,"y":5,"width":750,"height":690},"region_attributes":{"class":"AUTO"}},{"shape_attributes":{"name":"rect","x":518,"y":396,"width":120,"height":78},"region_attributes":{"class":"KA02C1143"}}],"file_attributes":{}},"IMG_5364.JPG136498":{"filename":"IMG_5364.JPG","size":136498,"regions":[{"shape_attributes":{"name":"rect","x":128,"y":4,"width":637,"height":691},"region_attributes":{"class":"AUTO"}},{"shape_attributes":{"name":"rect","x":316,"y":321,"width":133,"height":93},"region_attributes":{"class":"KA05AE0483"}}],"file_attributes":{}},"IMG_5365.JPG144147":{"filename":"IMG_5365.JPG","size":144147,"regions":[{"shape_attributes":{"name":"rect","x":67,"y":2,"width":691,"height":514},"region_attributes":{"class":"AUTO"}},{"shape_attributes":{"name":"rect","x":405,"y":350,"width":122,"height":89},"region_attributes":{"class":"KA03AB4635"}}],"file_attributes":{}},"IMG_5366.JPG129059":{"filename":"IMG_5366.JPG","size":129059,"regions":[{"shape_attributes":{"name":"rect","x":7,"y":0,"width":701,"height":589},"region_attributes":{"class":"AUTO"}},{"shape_attributes":{"name":"rect","x":516,"y":385,"width":144,"height":82},"region_attributes":{"class":"KA01AH3528"}}],"file_attributes":{}},"IMG_5367.JPG113277":{"filename":"IMG_5367.JPG","size":113277,"regions":[{"shape_attributes":{"name":"rect","x":8,"y":4,"width":997,"height":545},"region_attributes":{"class":"AUTO"}},{"shape_attributes":{"name":"rect","x":292,"y":308,"width":208,"height":126},"region_attributes":{"class":"KA01AF2375"}}],"file_attributes":{}},"IMG_5368.JPG127701":{"filename":"IMG_5368.JPG","size":127701,"regions":[{"shape_attributes":{"name":"rect","x":2,"y":2,"width":562,"height":697},"region_attributes":{"class":"AUTO"}},{"shape_attributes":{"name":"rect","x":389,"y":219,"width":109,"height":91},"region_attributes":{"class":"KA01AD3671"}}],"file_attributes":{}},"IMG_5369.JPG110644":{"filename":"IMG_5369.JPG","size":110644,"regions":[{"shape_attributes":{"name":"rect","x":5,"y":4,"width":560,"height":600},"region_attributes":{"class":"AUTO"}},{"shape_attributes":{"name":"rect","x":252,"y":462,"width":140,"height":84},"region_attributes":{"class":"KA01AJ0703"}}],"file_attributes":{}},"IMG_5370.JPG146031":{"filename":"IMG_5370.JPG","size":146031,"regions":[{"shape_attributes":{"name":"rect","x":4,"y":4,"width":478,"height":549},"region_attributes":{"class":"AUTO"}},{"shape_attributes":{"name":"rect","x":109,"y":162,"width":153,"height":97},"region_attributes":{"class":"KA03AD1579"}}],"file_attributes":{}},"IMG_5371.JPG124550":{"filename":"IMG_5371.JPG","size":124550,"regions":[{"shape_attributes":{"name":"rect","x":2,"y":2,"width":584,"height":640},"region_attributes":{"class":"AUTO"}},{"shape_attributes":{"name":"rect","x":22,"y":195,"width":128,"height":80},"region_attributes":{"class":"KA01AH4637"}}],"file_attributes":{}}}